protein	mutant_id	mode	vector	order	mutation	length	delta_load	delta_NCPR	delta_FCR	delta_SCD
GAPDH	GAPDH_amyloid_activating_o1_0001	amyloid	activating	1	G134V	335	+2.4254	+0.0000	+0.0000	+0.0000
GAPDH	GAPDH_amyloid_activating_o1_0002	amyloid	activating	1	G134I	335	+2.3835	+0.0000	+0.0000	+0.0000
GAPDH	GAPDH_amyloid_activating_o1_0005	amyloid	activating	1	N41V	335	+1.4646	+0.0000	+0.0000	+0.0000
GAPDH	GAPDH_amyloid_activating_o1_0006	amyloid	activating	1	N41I	335	+1.4227	+0.0000	+0.0000	+0.0000
GAPDH	GAPDH_amyloid_activating_o1_0007	amyloid	activating	1	Q48V	335	+1.3067	+0.0000	+0.0000	+0.0000
GAPDH	GAPDH_amyloid_activating_o1_0003	amyloid	activating	1	S312V	335	+1.2698	+0.0000	+0.0000	+0.0000
GAPDH	GAPDH_amyloid_activating_o1_0008	amyloid	activating	1	Q48I	335	+1.2648	+0.0000	+0.0000	+0.0000
GAPDH	GAPDH_amyloid_activating_o1_0004	amyloid	activating	1	S312I	335	+1.2280	+0.0000	+0.0000	+0.0000
GAPDH	GAPDH_amyloid_activating_o1_0009	amyloid	activating	1	W313V	335	+0.8148	+0.0000	+0.0000	+0.0000
GAPDH	GAPDH_amyloid_activating_o1_0010	amyloid	activating	1	Y314V	335	+0.7840	+0.0000	+0.0000	+0.0000
GAPDH	GAPDH_amyloid_activating_o1_0013	amyloid	activating	1	Y45V	335	+0.7840	+0.0000	+0.0000	+0.0000
GAPDH	GAPDH_amyloid_activating_o1_0014	amyloid	activating	1	Y42V	335	+0.7840	+0.0000	+0.0000	+0.0000
GAPDH	GAPDH_amyloid_activating_o1_0025	amyloid	activating	1	Y49V	335	+0.7840	+0.0000	+0.0000	+0.0000
GAPDH	GAPDH_amyloid_activating_o1_0011	amyloid	activating	1	W313I	335	+0.7729	+0.0000	+0.0000	+0.0000
GAPDH	GAPDH_amyloid_activating_o1_0015	amyloid	activating	1	M43V	335	+0.7443	+0.0000	+0.0000	+0.0000
GAPDH	GAPDH_amyloid_activating_o1_0016	amyloid	activating	1	M133V	335	+0.7443	+0.0000	+0.0000	+0.0000
GAPDH	GAPDH_amyloid_activating_o1_0017	amyloid	activating	1	M46V	335	+0.7443	+0.0000	+0.0000	+0.0000
GAPDH	GAPDH_amyloid_activating_o1_0018	amyloid	activating	1	M130V	335	+0.7443	+0.0000	+0.0000	+0.0000
GAPDH	GAPDH_amyloid_activating_o1_0012	amyloid	activating	1	Y314I	335	+0.7422	+0.0000	+0.0000	+0.0000
GAPDH	GAPDH_amyloid_activating_o1_0019	amyloid	activating	1	Y42I	335	+0.7422	+0.0000	+0.0000	+0.0000
GAPDH	GAPDH_amyloid_activating_o1_0020	amyloid	activating	1	Y45I	335	+0.7422	+0.0000	+0.0000	+0.0000
GAPDH	GAPDH_amyloid_activating_o1_0026	amyloid	activating	1	Y49I	335	+0.7422	+0.0000	+0.0000	+0.0000
GAPDH	GAPDH_amyloid_activating_o1_0021	amyloid	activating	1	M43I	335	+0.7024	+0.0000	+0.0000	+0.0000
GAPDH	GAPDH_amyloid_activating_o1_0022	amyloid	activating	1	M46I	335	+0.7024	+0.0000	+0.0000	+0.0000
GAPDH	GAPDH_amyloid_activating_o1_0023	amyloid	activating	1	M133I	335	+0.7024	+0.0000	+0.0000	+0.0000
GAPDH	GAPDH_amyloid_activating_o1_0024	amyloid	activating	1	M130I	335	+0.7024	+0.0000	+0.0000	+0.0000
GAPDH	GAPDH_amyloid_activating_o1_0027	amyloid	activating	1	F47V	335	+0.3962	+0.0000	+0.0000	+0.0000
GAPDH	GAPDH_amyloid_activating_o1_0028	amyloid	activating	1	F131V	335	+0.3962	+0.0000	+0.0000	+0.0000
GAPDH	GAPDH_amyloid_activating_o1_0030	amyloid	activating	1	F47I	335	+0.3543	+0.0000	+0.0000	+0.0000
GAPDH	GAPDH_amyloid_activating_o1_0031	amyloid	activating	1	F131I	335	+0.3543	+0.0000	+0.0000	+0.0000
GAPDH	GAPDH_amyloid_activating_o2_0039	amyloid	activating	2	N41V,G134V	335	+3.8900	+0.0000	+0.0000	+0.0000
GAPDH	GAPDH_amyloid_activating_o2_0054	amyloid	activating	2	Q48V,G134V	335	+3.7321	+0.0000	+0.0000	+0.0000
GAPDH	GAPDH_amyloid_activating_o2_0058	amyloid	activating	2	G134V,S312V	335	+3.6952	+0.0000	+0.0000	+0.0000
GAPDH	GAPDH_amyloid_activating_o2_0059	amyloid	activating	2	G134V,W313V	335	+3.2402	+0.0000	+0.0000	+0.0000
GAPDH	GAPDH_amyloid_activating_o2_0045	amyloid	activating	2	Y42V,G134V	335	+3.2094	+0.0000	+0.0000	+0.0000
GAPDH	GAPDH_amyloid_activating_o2_0050	amyloid	activating	2	Y45V,G134V	335	+3.2094	+0.0000	+0.0000	+0.0000
GAPDH	GAPDH_amyloid_activating_o2_0060	amyloid	activating	2	G134V,Y314V	335	+3.2094	+0.0000	+0.0000	+0.0000
GAPDH	GAPDH_amyloid_activating_o2_0038	amyloid	activating	2	N41V,Q48V	335	+2.7713	+0.0000	+0.0000	+0.0000
GAPDH	GAPDH_amyloid_activating_o2_0040	amyloid	activating	2	N41V,S312V	335	+2.7344	+0.0000	+0.0000	+0.0000
GAPDH	GAPDH_amyloid_activating_o2_0055	amyloid	activating	2	Q48V,S312V	335	+2.5765	+0.0000	+0.0000	+0.0000
GAPDH	GAPDH_amyloid_activating_o2_0041	amyloid	activating	2	N41V,W313V	335	+2.2794	+0.0000	+0.0000	+0.0000
GAPDH	GAPDH_amyloid_activating_o2_0036	amyloid	activating	2	N41V,Y42V	335	+2.2486	+0.0000	+0.0000	+0.0000
GAPDH	GAPDH_amyloid_activating_o2_0037	amyloid	activating	2	N41V,Y45V	335	+2.2486	+0.0000	+0.0000	+0.0000
GAPDH	GAPDH_amyloid_activating_o2_0042	amyloid	activating	2	N41V,Y314V	335	+2.2486	+0.0000	+0.0000	+0.0000
GAPDH	GAPDH_amyloid_activating_o2_0056	amyloid	activating	2	Q48V,W313V	335	+2.1215	+0.0000	+0.0000	+0.0000
GAPDH	GAPDH_amyloid_activating_o2_0044	amyloid	activating	2	Y42V,Q48V	335	+2.0907	+0.0000	+0.0000	+0.0000
GAPDH	GAPDH_amyloid_activating_o2_0049	amyloid	activating	2	Y45V,Q48V	335	+2.0907	+0.0000	+0.0000	+0.0000
GAPDH	GAPDH_amyloid_activating_o2_0057	amyloid	activating	2	Q48V,Y314V	335	+2.0907	+0.0000	+0.0000	+0.0000
GAPDH	GAPDH_amyloid_activating_o2_0061	amyloid	activating	2	S312V,W313V	335	+2.0846	+0.0000	+0.0000	+0.0000
GAPDH	GAPDH_amyloid_activating_o2_0046	amyloid	activating	2	Y42V,S312V	335	+2.0539	+0.0000	+0.0000	+0.0000
GAPDH	GAPDH_amyloid_activating_o2_0051	amyloid	activating	2	Y45V,S312V	335	+2.0539	+0.0000	+0.0000	+0.0000
GAPDH	GAPDH_amyloid_activating_o2_0062	amyloid	activating	2	S312V,Y314V	335	+2.0539	+0.0000	+0.0000	+0.0000
GAPDH	GAPDH_amyloid_activating_o2_0047	amyloid	activating	2	Y42V,W313V	335	+1.5988	+0.0000	+0.0000	+0.0000
GAPDH	GAPDH_amyloid_activating_o2_0052	amyloid	activating	2	Y45V,W313V	335	+1.5988	+0.0000	+0.0000	+0.0000
GAPDH	GAPDH_amyloid_activating_o2_0063	amyloid	activating	2	W313V,Y314V	335	+1.5988	+0.0000	+0.0000	+0.0000
GAPDH	GAPDH_amyloid_activating_o2_0043	amyloid	activating	2	Y42V,Y45V	335	+1.5681	+0.0000	+0.0000	+0.0000
GAPDH	GAPDH_amyloid_activating_o2_0048	amyloid	activating	2	Y42V,Y314V	335	+1.5681	+0.0000	+0.0000	+0.0000
GAPDH	GAPDH_amyloid_activating_o2_0053	amyloid	activating	2	Y45V,Y314V	335	+1.5681	+0.0000	+0.0000	+0.0000
GAPDH	GAPDH_amyloid_inhibiting_o1_0066	amyloid	inhibiting	1	V132P	335	-2.7091	+0.0000	+0.0000	+0.0000
GAPDH	GAPDH_amyloid_inhibiting_o1_0068	amyloid	inhibiting	1	V44P	335	-2.7091	+0.0000	+0.0000	+0.0000
GAPDH	GAPDH_amyloid_inhibiting_o1_0067	amyloid	inhibiting	1	V135P	335	-2.7059	+0.0000	+0.0000	+0.0000
GAPDH	GAPDH_amyloid_inhibiting_o1_0064	amyloid	inhibiting	1	I311P	335	-2.6673	+0.0000	+0.0000	+0.0000
GAPDH	GAPDH_amyloid_inhibiting_o1_0070	amyloid	inhibiting	1	V44E	335	-2.5556	-0.0030	+0.0030	-0.0651
GAPDH	GAPDH_amyloid_inhibiting_o1_0071	amyloid	inhibiting	1	V132E	335	-2.5556	-0.0030	+0.0030	-0.0907
GAPDH	GAPDH_amyloid_inhibiting_o1_0072	amyloid	inhibiting	1	V135E	335	-2.5556	-0.0030	+0.0030	-0.0911
GAPDH	GAPDH_amyloid_inhibiting_o1_0065	amyloid	inhibiting	1	I311E	335	-2.5137	-0.0030	+0.0030	-0.2672
GAPDH	GAPDH_amyloid_inhibiting_o1_0069	amyloid	inhibiting	1	L310P	335	-2.3639	+0.0000	+0.0000	+0.0000
GAPDH	GAPDH_amyloid_inhibiting_o1_0092	amyloid	inhibiting	1	L40P	335	-2.3639	+0.0000	+0.0000	+0.0000
GAPDH	GAPDH_amyloid_inhibiting_o1_0074	amyloid	inhibiting	1	F131P	335	-2.3129	+0.0000	+0.0000	+0.0000
GAPDH	GAPDH_amyloid_inhibiting_o1_0075	amyloid	inhibiting	1	F47P	335	-2.3129	+0.0000	+0.0000	+0.0000
GAPDH	GAPDH_amyloid_inhibiting_o1_0073	amyloid	inhibiting	1	L310E	335	-2.2104	-0.0030	+0.0030	-0.2652
GAPDH	GAPDH_amyloid_inhibiting_o1_0095	amyloid	inhibiting	1	L40E	335	-2.2104	-0.0030	+0.0030	-0.0666
GAPDH	GAPDH_amyloid_inhibiting_o1_0076	amyloid	inhibiting	1	F131E	335	-2.1594	-0.0030	+0.0030	-0.0907
GAPDH	GAPDH_amyloid_inhibiting_o1_0077	amyloid	inhibiting	1	F47E	335	-2.1594	-0.0030	+0.0030	-0.0653
GAPDH	GAPDH_amyloid_inhibiting_o1_0080	amyloid	inhibiting	1	M130P	335	-1.9648	+0.0000	+0.0000	+0.0000
GAPDH	GAPDH_amyloid_inhibiting_o1_0081	amyloid	inhibiting	1	M133P	335	-1.9648	+0.0000	+0.0000	+0.0000
GAPDH	GAPDH_amyloid_inhibiting_o1_0082	amyloid	inhibiting	1	M46P	335	-1.9648	+0.0000	+0.0000	+0.0000
GAPDH	GAPDH_amyloid_inhibiting_o1_0083	amyloid	inhibiting	1	M43P	335	-1.9648	+0.0000	+0.0000	+0.0000
GAPDH	GAPDH_amyloid_inhibiting_o1_0078	amyloid	inhibiting	1	Y314P	335	-1.9251	+0.0000	+0.0000	+0.0000
GAPDH	GAPDH_amyloid_inhibiting_o1_0085	amyloid	inhibiting	1	Y42P	335	-1.9251	+0.0000	+0.0000	+0.0000
GAPDH	GAPDH_amyloid_inhibiting_o1_0086	amyloid	inhibiting	1	Y45P	335	-1.9251	+0.0000	+0.0000	+0.0000
GAPDH	GAPDH_amyloid_inhibiting_o1_0097	amyloid	inhibiting	1	Y49P	335	-1.9251	+0.0000	+0.0000	+0.0000
GAPDH	GAPDH_amyloid_inhibiting_o1_0079	amyloid	inhibiting	1	W313P	335	-1.8943	+0.0000	+0.0000	+0.0000
GAPDH	GAPDH_amyloid_inhibiting_o1_0088	amyloid	inhibiting	1	M43E	335	-1.8113	-0.0030	+0.0030	-0.0653
GAPDH	GAPDH_amyloid_inhibiting_o1_0089	amyloid	inhibiting	1	M130E	335	-1.8113	-0.0030	+0.0030	-0.0908
GAPDH	GAPDH_amyloid_inhibiting_o1_0090	amyloid	inhibiting	1	M133E	335	-1.8113	-0.0030	+0.0030	-0.0908
GAPDH	GAPDH_amyloid_inhibiting_o1_0091	amyloid	inhibiting	1	M46E	335	-1.8113	-0.0030	+0.0030	-0.0652
GAPDH	GAPDH_amyloid_inhibiting_o1_0084	amyloid	inhibiting	1	Y314E	335	-1.7715	-0.0030	+0.0030	-0.2737
GAPDH	GAPDH_amyloid_inhibiting_o2_0108	amyloid	inhibiting	2	V44P,V132P	335	-5.4182	+0.0000	+0.0000	+0.0000
GAPDH	GAPDH_amyloid_inhibiting_o2_0109	amyloid	inhibiting	2	V44P,V135P	335	-5.4150	+0.0000	+0.0000	+0.0000
GAPDH	GAPDH_amyloid_inhibiting_o2_0111	amyloid	inhibiting	2	V44P,I311P	335	-5.3764	+0.0000	+0.0000	+0.0000
GAPDH	GAPDH_amyloid_inhibiting_o2_0126	amyloid	inhibiting	2	V132P,I311P	335	-5.3764	+0.0000	+0.0000	+0.0000
GAPDH	GAPDH_amyloid_inhibiting_o2_0129	amyloid	inhibiting	2	V135P,I311P	335	-5.3731	+0.0000	+0.0000	+0.0000
GAPDH	GAPDH_amyloid_inhibiting_o2_0124	amyloid	inhibiting	2	V132P,V135P	335	-5.3639	+0.0000	+0.0000	+0.0000
GAPDH	GAPDH_amyloid_inhibiting_o2_0110	amyloid	inhibiting	2	V44P,L310P	335	-5.0730	+0.0000	+0.0000	+0.0000
GAPDH	GAPDH_amyloid_inhibiting_o2_0125	amyloid	inhibiting	2	V132P,L310P	335	-5.0730	+0.0000	+0.0000	+0.0000
GAPDH	GAPDH_amyloid_inhibiting_o2_0128	amyloid	inhibiting	2	V135P,L310P	335	-5.0698	+0.0000	+0.0000	+0.0000
GAPDH	GAPDH_amyloid_inhibiting_o2_0131	amyloid	inhibiting	2	L310P,I311P	335	-5.0312	+0.0000	+0.0000	+0.0000
GAPDH	GAPDH_amyloid_inhibiting_o2_0106	amyloid	inhibiting	2	V44P,F47P	335	-5.0221	+0.0000	+0.0000	+0.0000
GAPDH	GAPDH_amyloid_inhibiting_o2_0107	amyloid	inhibiting	2	V44P,F131P	335	-5.0221	+0.0000	+0.0000	+0.0000
GAPDH	GAPDH_amyloid_inhibiting_o2_0114	amyloid	inhibiting	2	F47P,V132P	335	-5.0221	+0.0000	+0.0000	+0.0000
GAPDH	GAPDH_amyloid_inhibiting_o2_0119	amyloid	inhibiting	2	F131P,V132P	335	-5.0221	+0.0000	+0.0000	+0.0000
GAPDH	GAPDH_amyloid_inhibiting_o2_0115	amyloid	inhibiting	2	F47P,V135P	335	-5.0188	+0.0000	+0.0000	+0.0000
GAPDH	GAPDH_amyloid_inhibiting_o2_0120	amyloid	inhibiting	2	F131P,V135P	335	-5.0188	+0.0000	+0.0000	+0.0000
GAPDH	GAPDH_amyloid_inhibiting_o2_0117	amyloid	inhibiting	2	F47P,I311P	335	-4.9802	+0.0000	+0.0000	+0.0000
GAPDH	GAPDH_amyloid_inhibiting_o2_0122	amyloid	inhibiting	2	F131P,I311P	335	-4.9802	+0.0000	+0.0000	+0.0000
GAPDH	GAPDH_amyloid_inhibiting_o2_0116	amyloid	inhibiting	2	F47P,L310P	335	-4.6769	+0.0000	+0.0000	+0.0000
GAPDH	GAPDH_amyloid_inhibiting_o2_0121	amyloid	inhibiting	2	F131P,L310P	335	-4.6769	+0.0000	+0.0000	+0.0000
GAPDH	GAPDH_amyloid_inhibiting_o2_0112	amyloid	inhibiting	2	V44P,Y314P	335	-4.6342	+0.0000	+0.0000	+0.0000
GAPDH	GAPDH_amyloid_inhibiting_o2_0127	amyloid	inhibiting	2	V132P,Y314P	335	-4.6342	+0.0000	+0.0000	+0.0000
GAPDH	GAPDH_amyloid_inhibiting_o2_0130	amyloid	inhibiting	2	V135P,Y314P	335	-4.6309	+0.0000	+0.0000	+0.0000
GAPDH	GAPDH_amyloid_inhibiting_o2_0113	amyloid	inhibiting	2	F47P,F131P	335	-4.6259	+0.0000	+0.0000	+0.0000
GAPDH	GAPDH_amyloid_inhibiting_o2_0133	amyloid	inhibiting	2	I311P,Y314P	335	-4.5660	+0.0000	+0.0000	+0.0000
GAPDH	GAPDH_amyloid_inhibiting_o2_0132	amyloid	inhibiting	2	L310P,Y314P	335	-4.2890	+0.0000	+0.0000	+0.0000
GAPDH	GAPDH_amyloid_inhibiting_o2_0118	amyloid	inhibiting	2	F47P,Y314P	335	-4.2380	+0.0000	+0.0000	+0.0000
GAPDH	GAPDH_amyloid_inhibiting_o2_0123	amyloid	inhibiting	2	F131P,Y314P	335	-4.2380	+0.0000	+0.0000	+0.0000
GAPDH	GAPDH_amyloid_neutral_o1_0134	amyloid	neutral	1	V44I	335	-0.0419	+0.0000	+0.0000	+0.0000
GAPDH	GAPDH_amyloid_neutral_o1_0135	amyloid	neutral	1	V132I	335	-0.0419	+0.0000	+0.0000	+0.0000
GAPDH	GAPDH_amyloid_neutral_o1_0136	amyloid	neutral	1	V135I	335	-0.0419	+0.0000	+0.0000	+0.0000
GAPDH	GAPDH_amyloid_neutral_o1_0137	amyloid	neutral	1	I311V	335	+0.0419	+0.0000	+0.0000	+0.0000
GAPDH	GAPDH_amyloid_neutral_o1_0138	amyloid	neutral	1	Q48N	335	-0.1579	+0.0000	+0.0000	+0.0000
GAPDH	GAPDH_amyloid_neutral_o1_0139	amyloid	neutral	1	N41Q	335	+0.1579	+0.0000	+0.0000	+0.0000
GAPDH	GAPDH_amyloid_neutral_o1_0144	amyloid	neutral	1	I311L	335	-0.3033	+0.0000	+0.0000	+0.0000
GAPDH	GAPDH_amyloid_neutral_o1_0140	amyloid	neutral	1	L40I	335	+0.3033	+0.0000	+0.0000	+0.0000
GAPDH	GAPDH_amyloid_neutral_o1_0143	amyloid	neutral	1	L310I	335	+0.3033	+0.0000	+0.0000	+0.0000
GAPDH	GAPDH_amyloid_neutral_o1_0148	amyloid	neutral	1	S312T	335	+0.3419	+0.0000	+0.0000	+0.0000
GAPDH	GAPDH_amyloid_neutral_o1_0145	amyloid	neutral	1	V132L	335	-0.3452	+0.0000	+0.0000	+0.0000
GAPDH	GAPDH_amyloid_neutral_o1_0146	amyloid	neutral	1	V44L	335	-0.3452	+0.0000	+0.0000	+0.0000
GAPDH	GAPDH_amyloid_neutral_o1_0147	amyloid	neutral	1	V135L	335	-0.3452	+0.0000	+0.0000	+0.0000
GAPDH	GAPDH_amyloid_neutral_o1_0141	amyloid	neutral	1	L40V	335	+0.3452	+0.0000	+0.0000	+0.0000
GAPDH	GAPDH_amyloid_neutral_o1_0149	amyloid	neutral	1	L310V	335	+0.3452	+0.0000	+0.0000	+0.0000
GAPDH	GAPDH_amyloid_neutral_o1_0150	amyloid	neutral	1	F47Y	335	-0.3879	+0.0000	+0.0000	+0.0000
GAPDH	GAPDH_amyloid_neutral_o1_0151	amyloid	neutral	1	F131Y	335	-0.3879	+0.0000	+0.0000	+0.0000
GAPDH	GAPDH_amyloid_neutral_o1_0142	amyloid	neutral	1	Y49F	335	+0.3879	+0.0000	+0.0000	+0.0000
GAPDH	GAPDH_amyloid_neutral_o1_0152	amyloid	neutral	1	Y42F	335	+0.3879	+0.0000	+0.0000	+0.0000
GAPDH	GAPDH_amyloid_neutral_o1_0153	amyloid	neutral	1	Y45F	335	+0.3879	+0.0000	+0.0000	+0.0000
GAPDH	GAPDH_amyloid_neutral_o1_0158	amyloid	neutral	1	Y314F	335	+0.3879	+0.0000	+0.0000	+0.0000
GAPDH	GAPDH_amyloid_neutral_o1_0154	amyloid	neutral	1	M130L	335	+0.3991	+0.0000	+0.0000	+0.0000
GAPDH	GAPDH_amyloid_neutral_o1_0155	amyloid	neutral	1	M43L	335	+0.3991	+0.0000	+0.0000	+0.0000
GAPDH	GAPDH_amyloid_neutral_o1_0156	amyloid	neutral	1	M133L	335	+0.3991	+0.0000	+0.0000	+0.0000
GAPDH	GAPDH_amyloid_neutral_o1_0157	amyloid	neutral	1	M46L	335	+0.3991	+0.0000	+0.0000	+0.0000
GAPDH	GAPDH_amyloid_neutral_o2_0171	amyloid	neutral	2	N41Q,Q48N	335	+0.0000	+0.0000	+0.0000	+0.0000
GAPDH	GAPDH_amyloid_neutral_o2_0180	amyloid	neutral	2	V44I,I311V	335	+0.0000	+0.0000	+0.0000	+0.0000
GAPDH	GAPDH_amyloid_neutral_o2_0189	amyloid	neutral	2	V132I,I311V	335	+0.0000	+0.0000	+0.0000	+0.0000
GAPDH	GAPDH_amyloid_neutral_o2_0190	amyloid	neutral	2	V135I,I311V	335	+0.0000	+0.0000	+0.0000	+0.0000
GAPDH	GAPDH_amyloid_neutral_o2_0178	amyloid	neutral	2	V44I,V132I	335	-0.0837	+0.0000	+0.0000	+0.0000
GAPDH	GAPDH_amyloid_neutral_o2_0179	amyloid	neutral	2	V44I,V135I	335	-0.0837	+0.0000	+0.0000	+0.0000
GAPDH	GAPDH_amyloid_neutral_o2_0188	amyloid	neutral	2	V132I,V135I	335	-0.0837	+0.0000	+0.0000	+0.0000
GAPDH	GAPDH_amyloid_neutral_o2_0184	amyloid	neutral	2	Q48N,I311V	335	-0.1160	+0.0000	+0.0000	+0.0000
GAPDH	GAPDH_amyloid_neutral_o2_0170	amyloid	neutral	2	N41Q,V44I	335	+0.1160	+0.0000	+0.0000	+0.0000
GAPDH	GAPDH_amyloid_neutral_o2_0173	amyloid	neutral	2	N41Q,V132I	335	+0.1160	+0.0000	+0.0000	+0.0000
GAPDH	GAPDH_amyloid_neutral_o2_0174	amyloid	neutral	2	N41Q,V135I	335	+0.1160	+0.0000	+0.0000	+0.0000
GAPDH	GAPDH_amyloid_neutral_o2_0165	amyloid	neutral	2	L40I,Q48N	335	+0.1454	+0.0000	+0.0000	+0.0000
GAPDH	GAPDH_amyloid_neutral_o2_0176	amyloid	neutral	2	V44I,Q48N	335	-0.1997	+0.0000	+0.0000	+0.0000
GAPDH	GAPDH_amyloid_neutral_o2_0182	amyloid	neutral	2	Q48N,V132I	335	-0.1997	+0.0000	+0.0000	+0.0000
GAPDH	GAPDH_amyloid_neutral_o2_0183	amyloid	neutral	2	Q48N,V135I	335	-0.1997	+0.0000	+0.0000	+0.0000
GAPDH	GAPDH_amyloid_neutral_o2_0175	amyloid	neutral	2	N41Q,I311V	335	+0.1997	+0.0000	+0.0000	+0.0000
GAPDH	GAPDH_amyloid_neutral_o2_0181	amyloid	neutral	2	Q48N,Y49F	335	+0.2300	+0.0000	+0.0000	+0.0000
GAPDH	GAPDH_amyloid_neutral_o2_0164	amyloid	neutral	2	L40I,V44I	335	+0.2615	+0.0000	+0.0000	+0.0000
GAPDH	GAPDH_amyloid_neutral_o2_0167	amyloid	neutral	2	L40I,V132I	335	+0.2615	+0.0000	+0.0000	+0.0000
GAPDH	GAPDH_amyloid_neutral_o2_0168	amyloid	neutral	2	L40I,V135I	335	+0.2615	+0.0000	+0.0000	+0.0000
GAPDH	GAPDH_amyloid_neutral_o2_0169	amyloid	neutral	2	L40I,I311V	335	+0.3452	+0.0000	+0.0000	+0.0000
GAPDH	GAPDH_amyloid_neutral_o2_0177	amyloid	neutral	2	V44I,Y49F	335	+0.3460	+0.0000	+0.0000	+0.0000
GAPDH	GAPDH_amyloid_neutral_o2_0185	amyloid	neutral	2	Y49F,V132I	335	+0.3460	+0.0000	+0.0000	+0.0000
GAPDH	GAPDH_amyloid_neutral_o2_0186	amyloid	neutral	2	Y49F,V135I	335	+0.3460	+0.0000	+0.0000	+0.0000
GAPDH	GAPDH_amyloid_neutral_o2_0187	amyloid	neutral	2	Y49F,I311V	335	+0.4297	+0.0000	+0.0000	+0.0000
GAPDH	GAPDH_amyloid_neutral_o2_0163	amyloid	neutral	2	L40I,N41Q	335	+0.4612	+0.0000	+0.0000	+0.0000
GAPDH	GAPDH_amyloid_neutral_o2_0172	amyloid	neutral	2	N41Q,Y49F	335	+0.5458	+0.0000	+0.0000	+0.0000
GAPDH	GAPDH_amyloid_neutral_o2_0166	amyloid	neutral	2	L40I,Y49F	335	+0.6912	+0.0000	+0.0000	+0.0000
GAPDH	GAPDH_condensate_activating_o1_0198	condensate	activating	1	M46Y	335	+1.0000	+0.0000	+0.0000	+0.0000
GAPDH	GAPDH_condensate_activating_o1_0215	condensate	activating	1	Q48Y	335	+1.0000	+0.0000	+0.0000	+0.0000
GAPDH	GAPDH_condensate_activating_o1_0191	condensate	activating	1	L310Y	335	+1.0000	+0.0000	+0.0000	+0.0000
GAPDH	GAPDH_condensate_activating_o1_0192	condensate	activating	1	I311Y	335	+1.0000	+0.0000	+0.0000	+0.0000
GAPDH	GAPDH_condensate_activating_o1_0193	condensate	activating	1	S312Y	335	+1.0000	+0.0000	+0.0000	+0.0000
GAPDH	GAPDH_condensate_activating_o1_0194	condensate	activating	1	M130Y	335	+1.0000	+0.0000	+0.0000	+0.0000
GAPDH	GAPDH_condensate_activating_o1_0195	condensate	activating	1	V132Y	335	+1.0000	+0.0000	+0.0000	+0.0000
GAPDH	GAPDH_condensate_activating_o1_0196	condensate	activating	1	M43Y	335	+1.0000	+0.0000	+0.0000	+0.0000
GAPDH	GAPDH_condensate_activating_o1_0197	condensate	activating	1	V44Y	335	+1.0000	+0.0000	+0.0000	+0.0000
GAPDH	GAPDH_condensate_activating_o1_0199	condensate	activating	1	M133Y	335	+1.0000	+0.0000	+0.0000	+0.0000
GAPDH	GAPDH_condensate_activating_o1_0200	condensate	activating	1	G134Y	335	+1.0000	+0.0000	+0.0000	+0.0000
GAPDH	GAPDH_condensate_activating_o1_0201	condensate	activating	1	V135Y	335	+1.0000	+0.0000	+0.0000	+0.0000
GAPDH	GAPDH_condensate_activating_o1_0213	condensate	activating	1	N41Y	335	+1.0000	+0.0000	+0.0000	+0.0000
GAPDH	GAPDH_condensate_activating_o1_0214	condensate	activating	1	L40Y	335	+1.0000	+0.0000	+0.0000	+0.0000
GAPDH	GAPDH_condensate_activating_o1_0202	condensate	activating	1	L310W	335	+0.9000	+0.0000	+0.0000	+0.0000
GAPDH	GAPDH_condensate_activating_o1_0203	condensate	activating	1	I311W	335	+0.9000	+0.0000	+0.0000	+0.0000
GAPDH	GAPDH_condensate_activating_o1_0204	condensate	activating	1	S312W	335	+0.9000	+0.0000	+0.0000	+0.0000
GAPDH	GAPDH_condensate_activating_o1_0205	condensate	activating	1	M46W	335	+0.9000	+0.0000	+0.0000	+0.0000
GAPDH	GAPDH_condensate_activating_o1_0206	condensate	activating	1	M130W	335	+0.9000	+0.0000	+0.0000	+0.0000
GAPDH	GAPDH_condensate_activating_o1_0207	condensate	activating	1	V132W	335	+0.9000	+0.0000	+0.0000	+0.0000
GAPDH	GAPDH_condensate_activating_o1_0208	condensate	activating	1	M133W	335	+0.9000	+0.0000	+0.0000	+0.0000
GAPDH	GAPDH_condensate_activating_o1_0209	condensate	activating	1	G134W	335	+0.9000	+0.0000	+0.0000	+0.0000
GAPDH	GAPDH_condensate_activating_o1_0210	condensate	activating	1	V135W	335	+0.9000	+0.0000	+0.0000	+0.0000
GAPDH	GAPDH_condensate_activating_o1_0211	condensate	activating	1	M43W	335	+0.9000	+0.0000	+0.0000	+0.0000
GAPDH	GAPDH_condensate_activating_o1_0212	condensate	activating	1	V44W	335	+0.9000	+0.0000	+0.0000	+0.0000
GAPDH	GAPDH_condensate_activating_o1_0216	condensate	activating	1	L40W	335	+0.9000	+0.0000	+0.0000	+0.0000
GAPDH	GAPDH_condensate_activating_o1_0217	condensate	activating	1	N41W	335	+0.9000	+0.0000	+0.0000	+0.0000
GAPDH	GAPDH_condensate_activating_o1_0218	condensate	activating	1	Q48W	335	+0.9000	+0.0000	+0.0000	+0.0000
GAPDH	GAPDH_condensate_activating_o2_0228	condensate	activating	2	M43Y,L310Y	335	+2.0000	+0.0000	+0.0000	+0.0000
GAPDH	GAPDH_condensate_activating_o2_0229	condensate	activating	2	M43Y,I311Y	335	+2.0000	+0.0000	+0.0000	+0.0000
GAPDH	GAPDH_condensate_activating_o2_0230	condensate	activating	2	M43Y,S312Y	335	+2.0000	+0.0000	+0.0000	+0.0000
GAPDH	GAPDH_condensate_activating_o2_0232	condensate	activating	2	V44Y,M130Y	335	+2.0000	+0.0000	+0.0000	+0.0000
GAPDH	GAPDH_condensate_activating_o2_0234	condensate	activating	2	V44Y,L310Y	335	+2.0000	+0.0000	+0.0000	+0.0000
GAPDH	GAPDH_condensate_activating_o2_0235	condensate	activating	2	V44Y,I311Y	335	+2.0000	+0.0000	+0.0000	+0.0000
GAPDH	GAPDH_condensate_activating_o2_0236	condensate	activating	2	V44Y,S312Y	335	+2.0000	+0.0000	+0.0000	+0.0000
GAPDH	GAPDH_condensate_activating_o2_0237	condensate	activating	2	M46Y,M130Y	335	+2.0000	+0.0000	+0.0000	+0.0000
GAPDH	GAPDH_condensate_activating_o2_0238	condensate	activating	2	M46Y,V132Y	335	+2.0000	+0.0000	+0.0000	+0.0000
GAPDH	GAPDH_condensate_activating_o2_0239	condensate	activating	2	M46Y,L310Y	335	+2.0000	+0.0000	+0.0000	+0.0000
GAPDH	GAPDH_condensate_activating_o2_0240	condensate	activating	2	M46Y,I311Y	335	+2.0000	+0.0000	+0.0000	+0.0000
GAPDH	GAPDH_condensate_activating_o2_0241	condensate	activating	2	M46Y,S312Y	335	+2.0000	+0.0000	+0.0000	+0.0000
GAPDH	GAPDH_condensate_activating_o2_0224	condensate	activating	2	M43Y,V44Y	335	+2.0000	+0.0000	+0.0000	+0.0000
GAPDH	GAPDH_condensate_activating_o2_0225	condensate	activating	2	M43Y,M46Y	335	+2.0000	+0.0000	+0.0000	+0.0000
GAPDH	GAPDH_condensate_activating_o2_0226	condensate	activating	2	M43Y,M130Y	335	+2.0000	+0.0000	+0.0000	+0.0000
GAPDH	GAPDH_condensate_activating_o2_0227	condensate	activating	2	M43Y,V132Y	335	+2.0000	+0.0000	+0.0000	+0.0000
GAPDH	GAPDH_condensate_activating_o2_0231	condensate	activating	2	V44Y,M46Y	335	+2.0000	+0.0000	+0.0000	+0.0000
GAPDH	GAPDH_condensate_activating_o2_0233	condensate	activating	2	V44Y,V132Y	335	+2.0000	+0.0000	+0.0000	+0.0000
GAPDH	GAPDH_condensate_activating_o2_0242	condensate	activating	2	M130Y,V132Y	335	+2.0000	+0.0000	+0.0000	+0.0000
GAPDH	GAPDH_condensate_activating_o2_0243	condensate	activating	2	M130Y,L310Y	335	+2.0000	+0.0000	+0.0000	+0.0000
GAPDH	GAPDH_condensate_activating_o2_0244	condensate	activating	2	M130Y,I311Y	335	+2.0000	+0.0000	+0.0000	+0.0000
GAPDH	GAPDH_condensate_activating_o2_0245	condensate	activating	2	M130Y,S312Y	335	+2.0000	+0.0000	+0.0000	+0.0000
GAPDH	GAPDH_condensate_activating_o2_0246	condensate	activating	2	V132Y,L310Y	335	+2.0000	+0.0000	+0.0000	+0.0000
GAPDH	GAPDH_condensate_activating_o2_0247	condensate	activating	2	V132Y,I311Y	335	+2.0000	+0.0000	+0.0000	+0.0000
GAPDH	GAPDH_condensate_activating_o2_0248	condensate	activating	2	V132Y,S312Y	335	+2.0000	+0.0000	+0.0000	+0.0000
GAPDH	GAPDH_condensate_activating_o2_0249	condensate	activating	2	L310Y,I311Y	335	+2.0000	+0.0000	+0.0000	+0.0000
GAPDH	GAPDH_condensate_activating_o2_0250	condensate	activating	2	L310Y,S312Y	335	+2.0000	+0.0000	+0.0000	+0.0000
GAPDH	GAPDH_condensate_activating_o2_0251	condensate	activating	2	I311Y,S312Y	335	+2.0000	+0.0000	+0.0000	+0.0000
GAPDH	GAPDH_condensate_inhibiting_o1_0252	condensate	inhibiting	1	Y314A	335	-1.0000	+0.0000	+0.0000	+0.0000
GAPDH	GAPDH_condensate_inhibiting_o1_0253	condensate	inhibiting	1	Y314N	335	-1.0000	+0.0000	+0.0000	+0.0000
GAPDH	GAPDH_condensate_inhibiting_o1_0254	condensate	inhibiting	1	Y42A	335	-1.0000	+0.0000	+0.0000	+0.0000
GAPDH	GAPDH_condensate_inhibiting_o1_0255	condensate	inhibiting	1	Y42N	335	-1.0000	+0.0000	+0.0000	+0.0000
GAPDH	GAPDH_condensate_inhibiting_o1_0256	condensate	inhibiting	1	Y45A	335	-1.0000	+0.0000	+0.0000	+0.0000
GAPDH	GAPDH_condensate_inhibiting_o1_0257	condensate	inhibiting	1	Y45N	335	-1.0000	+0.0000	+0.0000	+0.0000
GAPDH	GAPDH_condensate_inhibiting_o1_0264	condensate	inhibiting	1	Y49A	335	-1.0000	+0.0000	+0.0000	+0.0000
GAPDH	GAPDH_condensate_inhibiting_o1_0265	condensate	inhibiting	1	Y49N	335	-1.0000	+0.0000	+0.0000	+0.0000
GAPDH	GAPDH_condensate_inhibiting_o1_0258	condensate	inhibiting	1	W313A	335	-0.9000	+0.0000	+0.0000	+0.0000
GAPDH	GAPDH_condensate_inhibiting_o1_0259	condensate	inhibiting	1	W313N	335	-0.9000	+0.0000	+0.0000	+0.0000
GAPDH	GAPDH_condensate_inhibiting_o1_0260	condensate	inhibiting	1	F47A	335	-0.8500	+0.0000	+0.0000	+0.0000
GAPDH	GAPDH_condensate_inhibiting_o1_0261	condensate	inhibiting	1	F47N	335	-0.8500	+0.0000	+0.0000	+0.0000
GAPDH	GAPDH_condensate_inhibiting_o1_0262	condensate	inhibiting	1	F131A	335	-0.8500	+0.0000	+0.0000	+0.0000
GAPDH	GAPDH_condensate_inhibiting_o1_0263	condensate	inhibiting	1	F131N	335	-0.8500	+0.0000	+0.0000	+0.0000
GAPDH	GAPDH_condensate_inhibiting_o2_0266	condensate	inhibiting	2	Y42A,Y45A	335	-2.0000	+0.0000	+0.0000	+0.0000
GAPDH	GAPDH_condensate_inhibiting_o2_0268	condensate	inhibiting	2	Y42A,Y49A	335	-2.0000	+0.0000	+0.0000	+0.0000
GAPDH	GAPDH_condensate_inhibiting_o2_0273	condensate	inhibiting	2	Y45A,Y49A	335	-2.0000	+0.0000	+0.0000	+0.0000
GAPDH	GAPDH_condensate_inhibiting_o2_0271	condensate	inhibiting	2	Y42A,Y314A	335	-2.0000	+0.0000	+0.0000	+0.0000
GAPDH	GAPDH_condensate_inhibiting_o2_0276	condensate	inhibiting	2	Y45A,Y314A	335	-2.0000	+0.0000	+0.0000	+0.0000
GAPDH	GAPDH_condensate_inhibiting_o2_0283	condensate	inhibiting	2	Y49A,Y314A	335	-2.0000	+0.0000	+0.0000	+0.0000
GAPDH	GAPDH_condensate_inhibiting_o2_0270	condensate	inhibiting	2	Y42A,W313A	335	-1.9000	+0.0000	+0.0000	+0.0000
GAPDH	GAPDH_condensate_inhibiting_o2_0275	condensate	inhibiting	2	Y45A,W313A	335	-1.9000	+0.0000	+0.0000	+0.0000
GAPDH	GAPDH_condensate_inhibiting_o2_0282	condensate	inhibiting	2	Y49A,W313A	335	-1.9000	+0.0000	+0.0000	+0.0000
GAPDH	GAPDH_condensate_inhibiting_o2_0286	condensate	inhibiting	2	W313A,Y314A	335	-1.9000	+0.0000	+0.0000	+0.0000
GAPDH	GAPDH_condensate_inhibiting_o2_0267	condensate	inhibiting	2	Y42A,F47A	335	-1.8500	+0.0000	+0.0000	+0.0000
GAPDH	GAPDH_condensate_inhibiting_o2_0269	condensate	inhibiting	2	Y42A,F131A	335	-1.8500	+0.0000	+0.0000	+0.0000
GAPDH	GAPDH_condensate_inhibiting_o2_0272	condensate	inhibiting	2	Y45A,F47A	335	-1.8500	+0.0000	+0.0000	+0.0000
GAPDH	GAPDH_condensate_inhibiting_o2_0274	condensate	inhibiting	2	Y45A,F131A	335	-1.8500	+0.0000	+0.0000	+0.0000
GAPDH	GAPDH_condensate_inhibiting_o2_0277	condensate	inhibiting	2	F47A,Y49A	335	-1.8500	+0.0000	+0.0000	+0.0000
GAPDH	GAPDH_condensate_inhibiting_o2_0280	condensate	inhibiting	2	F47A,Y314A	335	-1.8500	+0.0000	+0.0000	+0.0000
GAPDH	GAPDH_condensate_inhibiting_o2_0281	condensate	inhibiting	2	Y49A,F131A	335	-1.8500	+0.0000	+0.0000	+0.0000
GAPDH	GAPDH_condensate_inhibiting_o2_0285	condensate	inhibiting	2	F131A,Y314A	335	-1.8500	+0.0000	+0.0000	+0.0000
GAPDH	GAPDH_condensate_inhibiting_o2_0279	condensate	inhibiting	2	F47A,W313A	335	-1.7500	+0.0000	+0.0000	+0.0000
GAPDH	GAPDH_condensate_inhibiting_o2_0284	condensate	inhibiting	2	F131A,W313A	335	-1.7500	+0.0000	+0.0000	+0.0000
GAPDH	GAPDH_condensate_inhibiting_o2_0278	condensate	inhibiting	2	F47A,F131A	335	-1.7000	+0.0000	+0.0000	+0.0000
GAPDH	GAPDH_condensate_neutral_o1_0295	condensate	neutral	1	G134A	335	+0.0000	+0.0000	+0.0000	+0.0000
GAPDH	GAPDH_condensate_neutral_o2_0307	condensate	neutral	2	L40I,G134A	335	+0.0000	+0.0000	+0.0000	+0.0000
GAPDH	GAPDH_condensate_neutral_o2_0309	condensate	neutral	2	L40I,L310I	335	+0.0000	+0.0000	+0.0000	+0.0000
GAPDH	GAPDH_condensate_neutral_o2_0313	condensate	neutral	2	N41Q,G134A	335	+0.0000	+0.0000	+0.0000	+0.0000
GAPDH	GAPDH_condensate_neutral_o2_0315	condensate	neutral	2	N41Q,L310I	335	+0.0000	+0.0000	+0.0000	+0.0000
GAPDH	GAPDH_condensate_neutral_o2_0318	condensate	neutral	2	V44I,G134A	335	+0.0000	+0.0000	+0.0000	+0.0000
GAPDH	GAPDH_condensate_neutral_o2_0320	condensate	neutral	2	V44I,L310I	335	+0.0000	+0.0000	+0.0000	+0.0000
GAPDH	GAPDH_condensate_neutral_o2_0322	condensate	neutral	2	Q48N,G134A	335	+0.0000	+0.0000	+0.0000	+0.0000
GAPDH	GAPDH_condensate_neutral_o2_0324	condensate	neutral	2	Q48N,L310I	335	+0.0000	+0.0000	+0.0000	+0.0000
GAPDH	GAPDH_condensate_neutral_o2_0325	condensate	neutral	2	V132I,G134A	335	+0.0000	+0.0000	+0.0000	+0.0000
GAPDH	GAPDH_condensate_neutral_o2_0327	condensate	neutral	2	V132I,L310I	335	+0.0000	+0.0000	+0.0000	+0.0000
GAPDH	GAPDH_condensate_neutral_o2_0328	condensate	neutral	2	G134A,V135I	335	+0.0000	+0.0000	+0.0000	+0.0000
GAPDH	GAPDH_condensate_neutral_o2_0329	condensate	neutral	2	G134A,L310I	335	+0.0000	+0.0000	+0.0000	+0.0000
GAPDH	GAPDH_condensate_neutral_o2_0330	condensate	neutral	2	V135I,L310I	335	+0.0000	+0.0000	+0.0000	+0.0000
GAPDH	GAPDH_amyloid_nonsense_o1_0331	amyloid	nonsense	1	p.40*	39	-197.4732	+0.0381	-0.0051	-0.0042
GAPDH	GAPDH_amyloid_nonsense_o1_0332	amyloid	nonsense	1	p.42*	41	-195.0070	+0.0344	-0.0163	+0.0243
GAPDH	GAPDH_amyloid_nonsense_o1_0333	amyloid	nonsense	1	p.130*	129	-141.7675	+0.0077	-0.0033	+0.2598
GAPDH	GAPDH_amyloid_nonsense_o1_0334	amyloid	nonsense	1	p.310*	309	-19.5679	+0.0065	-0.0028	+0.5381
Abeta42	Abeta42_amyloid_activating_o1_0005	amyloid	activating	1	G38V	42	+2.6217	+0.0000	+0.0000	+0.0000
Abeta42	Abeta42_amyloid_activating_o1_0006	amyloid	activating	1	G38I	42	+2.5765	+0.0000	+0.0000	+0.0000
Abeta42	Abeta42_amyloid_activating_o1_0001	amyloid	activating	1	E22V	42	+2.5556	+0.0238	-0.0238	-0.1697
Abeta42	Abeta42_amyloid_activating_o1_0002	amyloid	activating	1	E22I	42	+2.5137	+0.0238	-0.0238	-0.1697
Abeta42	Abeta42_amyloid_activating_o1_0007	amyloid	activating	1	G37V	42	+2.4831	+0.0000	+0.0000	+0.0000
Abeta42	Abeta42_amyloid_activating_o1_0008	amyloid	activating	1	G37I	42	+2.4403	+0.0000	+0.0000	+0.0000
Abeta42	Abeta42_amyloid_activating_o1_0009	amyloid	activating	1	G33V	42	+2.4254	+0.0000	+0.0000	+0.0000
Abeta42	Abeta42_amyloid_activating_o1_0010	amyloid	activating	1	G29V	42	+2.4254	+0.0000	+0.0000	+0.0000
Abeta42	Abeta42_amyloid_activating_o1_0011	amyloid	activating	1	G29I	42	+2.3835	+0.0000	+0.0000	+0.0000
Abeta42	Abeta42_amyloid_activating_o1_0012	amyloid	activating	1	G33I	42	+2.3835	+0.0000	+0.0000	+0.0000
Abeta42	Abeta42_amyloid_activating_o1_0003	amyloid	activating	1	K16V	42	+2.3218	-0.0238	-0.0238	+0.2476
Abeta42	Abeta42_amyloid_activating_o1_0004	amyloid	activating	1	K16I	42	+2.2799	-0.0238	-0.0238	+0.2476
Abeta42	Abeta42_amyloid_activating_o1_0013	amyloid	activating	1	A21V	42	+0.9208	+0.0000	+0.0000	+0.0000
Abeta42	Abeta42_amyloid_activating_o1_0015	amyloid	activating	1	A30V	42	+0.9208	+0.0000	+0.0000	+0.0000
Abeta42	Abeta42_amyloid_activating_o1_0014	amyloid	activating	1	A21I	42	+0.8789	+0.0000	+0.0000	+0.0000
Abeta42	Abeta42_amyloid_activating_o1_0016	amyloid	activating	1	A30I	42	+0.8789	+0.0000	+0.0000	+0.0000
Abeta42	Abeta42_amyloid_activating_o1_0017	amyloid	activating	1	M35V	42	+0.7443	+0.0000	+0.0000	+0.0000
Abeta42	Abeta42_amyloid_activating_o1_0018	amyloid	activating	1	M35I	42	+0.7024	+0.0000	+0.0000	+0.0000
Abeta42	Abeta42_amyloid_activating_o1_0019	amyloid	activating	1	F19V	42	+0.3962	+0.0000	+0.0000	+0.0000
Abeta42	Abeta42_amyloid_activating_o1_0020	amyloid	activating	1	F20V	42	+0.3962	+0.0000	+0.0000	+0.0000
Abeta42	Abeta42_amyloid_activating_o1_0021	amyloid	activating	1	F19I	42	+0.3543	+0.0000	+0.0000	+0.0000
Abeta42	Abeta42_amyloid_activating_o1_0022	amyloid	activating	1	F20I	42	+0.3543	+0.0000	+0.0000	+0.0000
Abeta42	Abeta42_amyloid_activating_o1_0023	amyloid	activating	1	L17V	42	+0.3452	+0.0000	+0.0000	+0.0000
Abeta42	Abeta42_amyloid_activating_o1_0025	amyloid	activating	1	L34V	42	+0.3452	+0.0000	+0.0000	+0.0000
Abeta42	Abeta42_amyloid_activating_o1_0024	amyloid	activating	1	L17I	42	+0.3033	+0.0000	+0.0000	+0.0000
Abeta42	Abeta42_amyloid_activating_o1_0026	amyloid	activating	1	L34I	42	+0.3033	+0.0000	+0.0000	+0.0000
Abeta42	Abeta42_amyloid_activating_o1_0027	amyloid	activating	1	I31V	42	+0.0419	+0.0000	+0.0000	+0.0000
Abeta42	Abeta42_amyloid_activating_o1_0028	amyloid	activating	1	I32V	42	+0.0419	+0.0000	+0.0000	+0.0000
Abeta42	Abeta42_amyloid_activating_o2_0046	amyloid	activating	2	E22V,G38V	42	+5.1773	+0.0238	-0.0238	-0.1697
Abeta42	Abeta42_amyloid_activating_o2_0056	amyloid	activating	2	G37V,G38V	42	+5.1049	+0.0000	+0.0000	+0.0000
Abeta42	Abeta42_amyloid_activating_o2_0050	amyloid	activating	2	G29V,G38V	42	+5.0471	+0.0000	+0.0000	+0.0000
Abeta42	Abeta42_amyloid_activating_o2_0055	amyloid	activating	2	G33V,G38V	42	+5.0471	+0.0000	+0.0000	+0.0000
Abeta42	Abeta42_amyloid_activating_o2_0045	amyloid	activating	2	E22V,G37V	42	+5.0387	+0.0238	-0.0238	-0.1697
Abeta42	Abeta42_amyloid_activating_o2_0042	amyloid	activating	2	E22V,G29V	42	+4.9810	+0.0238	-0.0238	-0.1697
Abeta42	Abeta42_amyloid_activating_o2_0044	amyloid	activating	2	E22V,G33V	42	+4.9810	+0.0238	-0.0238	-0.1697
Abeta42	Abeta42_amyloid_activating_o2_0035	amyloid	activating	2	K16V,G38V	42	+4.9435	-0.0238	-0.0238	+0.2476
Abeta42	Abeta42_amyloid_activating_o2_0049	amyloid	activating	2	G29V,G37V	42	+4.9085	+0.0000	+0.0000	+0.0000
Abeta42	Abeta42_amyloid_activating_o2_0054	amyloid	activating	2	G33V,G37V	42	+4.9085	+0.0000	+0.0000	+0.0000
Abeta42	Abeta42_amyloid_activating_o2_0030	amyloid	activating	2	K16V,E22V	42	+4.8774	+0.0000	-0.0476	+0.0196
Abeta42	Abeta42_amyloid_activating_o2_0048	amyloid	activating	2	G29V,G33V	42	+4.8508	+0.0000	+0.0000	+0.0000
Abeta42	Abeta42_amyloid_activating_o2_0034	amyloid	activating	2	K16V,G37V	42	+4.8049	-0.0238	-0.0238	+0.2476
Abeta42	Abeta42_amyloid_activating_o2_0031	amyloid	activating	2	K16V,G29V	42	+4.7472	-0.0238	-0.0238	+0.2476
Abeta42	Abeta42_amyloid_activating_o2_0033	amyloid	activating	2	K16V,G33V	42	+4.7472	-0.0238	-0.0238	+0.2476
Abeta42	Abeta42_amyloid_activating_o2_0041	amyloid	activating	2	A21V,G38V	42	+3.5425	+0.0000	+0.0000	+0.0000
Abeta42	Abeta42_amyloid_activating_o2_0053	amyloid	activating	2	A30V,G38V	42	+3.5425	+0.0000	+0.0000	+0.0000
Abeta42	Abeta42_amyloid_activating_o2_0036	amyloid	activating	2	A21V,E22V	42	+3.4764	+0.0238	-0.0238	-0.1697
Abeta42	Abeta42_amyloid_activating_o2_0043	amyloid	activating	2	E22V,A30V	42	+3.4764	+0.0238	-0.0238	-0.1697
Abeta42	Abeta42_amyloid_activating_o2_0040	amyloid	activating	2	A21V,G37V	42	+3.4039	+0.0000	+0.0000	+0.0000
Abeta42	Abeta42_amyloid_activating_o2_0052	amyloid	activating	2	A30V,G37V	42	+3.4039	+0.0000	+0.0000	+0.0000
Abeta42	Abeta42_amyloid_activating_o2_0037	amyloid	activating	2	A21V,G29V	42	+3.3462	+0.0000	+0.0000	+0.0000
Abeta42	Abeta42_amyloid_activating_o2_0039	amyloid	activating	2	A21V,G33V	42	+3.3462	+0.0000	+0.0000	+0.0000
Abeta42	Abeta42_amyloid_activating_o2_0047	amyloid	activating	2	G29V,A30V	42	+3.3462	+0.0000	+0.0000	+0.0000
Abeta42	Abeta42_amyloid_activating_o2_0051	amyloid	activating	2	A30V,G33V	42	+3.3462	+0.0000	+0.0000	+0.0000
Abeta42	Abeta42_amyloid_activating_o2_0029	amyloid	activating	2	K16V,A21V	42	+3.2426	-0.0238	-0.0238	+0.2476
Abeta42	Abeta42_amyloid_activating_o2_0032	amyloid	activating	2	K16V,A30V	42	+3.2426	-0.0238	-0.0238	+0.2476
Abeta42	Abeta42_amyloid_activating_o2_0038	amyloid	activating	2	A21V,A30V	42	+1.8416	+0.0000	+0.0000	+0.0000
Abeta42	Abeta42_amyloid_inhibiting_o1_0062	amyloid	inhibiting	1	V39P	42	-3.2187	+0.0000	+0.0000	+0.0000
Abeta42	Abeta42_amyloid_inhibiting_o1_0066	amyloid	inhibiting	1	V39E	42	-3.0362	-0.0238	+0.0238	+0.3740
Abeta42	Abeta42_amyloid_inhibiting_o1_0067	amyloid	inhibiting	1	V40P	42	-2.8317	+0.0000	+0.0000	+0.0000
Abeta42	Abeta42_amyloid_inhibiting_o1_0057	amyloid	inhibiting	1	V18P	42	-2.7091	+0.0000	+0.0000	+0.0000
Abeta42	Abeta42_amyloid_inhibiting_o1_0068	amyloid	inhibiting	1	V36P	42	-2.7091	+0.0000	+0.0000	+0.0000
Abeta42	Abeta42_amyloid_inhibiting_o1_0069	amyloid	inhibiting	1	V40E	42	-2.6712	-0.0238	+0.0238	+0.3793
Abeta42	Abeta42_amyloid_inhibiting_o1_0070	amyloid	inhibiting	1	I31P	42	-2.6673	+0.0000	+0.0000	+0.0000
Abeta42	Abeta42_amyloid_inhibiting_o1_0071	amyloid	inhibiting	1	I32P	42	-2.6673	+0.0000	+0.0000	+0.0000
Abeta42	Abeta42_amyloid_inhibiting_o1_0058	amyloid	inhibiting	1	V18E	42	-2.5556	-0.0238	+0.0238	+0.2201
Abeta42	Abeta42_amyloid_inhibiting_o1_0072	amyloid	inhibiting	1	V36E	42	-2.5556	-0.0238	+0.0238	+0.3578
Abeta42	Abeta42_amyloid_inhibiting_o1_0074	amyloid	inhibiting	1	I32E	42	-2.5137	-0.0238	+0.0238	+0.3365
Abeta42	Abeta42_amyloid_inhibiting_o1_0075	amyloid	inhibiting	1	I31E	42	-2.5137	-0.0238	+0.0238	+0.3316
Abeta42	Abeta42_amyloid_inhibiting_o1_0059	amyloid	inhibiting	1	L17P	42	-2.3639	+0.0000	+0.0000	+0.0000
Abeta42	Abeta42_amyloid_inhibiting_o1_0076	amyloid	inhibiting	1	L34P	42	-2.3639	+0.0000	+0.0000	+0.0000
Abeta42	Abeta42_amyloid_inhibiting_o1_0060	amyloid	inhibiting	1	F19P	42	-2.3129	+0.0000	+0.0000	+0.0000
Abeta42	Abeta42_amyloid_inhibiting_o1_0061	amyloid	inhibiting	1	F20P	42	-2.3129	+0.0000	+0.0000	+0.0000
Abeta42	Abeta42_amyloid_inhibiting_o1_0063	amyloid	inhibiting	1	L17E	42	-2.2104	-0.0238	+0.0238	+0.2275
Abeta42	Abeta42_amyloid_inhibiting_o1_0078	amyloid	inhibiting	1	L34E	42	-2.2104	-0.0238	+0.0238	+0.3470
Abeta42	Abeta42_amyloid_inhibiting_o1_0064	amyloid	inhibiting	1	F19E	42	-2.1594	-0.0238	+0.0238	+0.2134
Abeta42	Abeta42_amyloid_inhibiting_o1_0065	amyloid	inhibiting	1	F20E	42	-2.1594	-0.0238	+0.0238	+0.2059
Abeta42	Abeta42_amyloid_inhibiting_o1_0079	amyloid	inhibiting	1	M35P	42	-1.9648	+0.0000	+0.0000	+0.0000
Abeta42	Abeta42_amyloid_inhibiting_o1_0080	amyloid	inhibiting	1	M35E	42	-1.8113	-0.0238	+0.0238	+0.3524
Abeta42	Abeta42_amyloid_inhibiting_o1_0073	amyloid	inhibiting	1	A21P	42	-1.7883	+0.0000	+0.0000	+0.0000
Abeta42	Abeta42_amyloid_inhibiting_o1_0081	amyloid	inhibiting	1	A30P	42	-1.7883	+0.0000	+0.0000	+0.0000
Abeta42	Abeta42_amyloid_inhibiting_o1_0077	amyloid	inhibiting	1	A21E	42	-1.6348	-0.0238	+0.0238	+0.1956
Abeta42	Abeta42_amyloid_inhibiting_o1_0082	amyloid	inhibiting	1	A30E	42	-1.6348	-0.0238	+0.0238	+0.3274
Abeta42	Abeta42_amyloid_inhibiting_o1_0083	amyloid	inhibiting	1	K16P	42	-0.3873	-0.0238	-0.0238	+0.2476
Abeta42	Abeta42_amyloid_inhibiting_o1_0086	amyloid	inhibiting	1	G38P	42	-0.3067	+0.0000	+0.0000	+0.0000
Abeta42	Abeta42_amyloid_inhibiting_o1_0087	amyloid	inhibiting	1	G37P	42	-0.2905	+0.0000	+0.0000	+0.0000
Abeta42	Abeta42_amyloid_inhibiting_o1_0088	amyloid	inhibiting	1	G29P	42	-0.2837	+0.0000	+0.0000	+0.0000
Abeta42	Abeta42_amyloid_inhibiting_o2_0121	amyloid	inhibiting	2	V39P,V40P	42	-6.0503	+0.0000	+0.0000	+0.0000
Abeta42	Abeta42_amyloid_inhibiting_o2_0105	amyloid	inhibiting	2	V18P,V39P	42	-5.9278	+0.0000	+0.0000	+0.0000
Abeta42	Abeta42_amyloid_inhibiting_o2_0119	amyloid	inhibiting	2	V36P,V39P	42	-5.9253	+0.0000	+0.0000	+0.0000
Abeta42	Abeta42_amyloid_inhibiting_o2_0117	amyloid	inhibiting	2	I31P,V39P	42	-5.8859	+0.0000	+0.0000	+0.0000
Abeta42	Abeta42_amyloid_inhibiting_o2_0099	amyloid	inhibiting	2	L17P,V39P	42	-5.5826	+0.0000	+0.0000	+0.0000
Abeta42	Abeta42_amyloid_inhibiting_o2_0106	amyloid	inhibiting	2	V18P,V40P	42	-5.5408	+0.0000	+0.0000	+0.0000
Abeta42	Abeta42_amyloid_inhibiting_o2_0120	amyloid	inhibiting	2	V36P,V40P	42	-5.5408	+0.0000	+0.0000	+0.0000
Abeta42	Abeta42_amyloid_inhibiting_o2_0110	amyloid	inhibiting	2	F19P,V39P	42	-5.5316	+0.0000	+0.0000	+0.0000
Abeta42	Abeta42_amyloid_inhibiting_o2_0114	amyloid	inhibiting	2	F20P,V39P	42	-5.5316	+0.0000	+0.0000	+0.0000
Abeta42	Abeta42_amyloid_inhibiting_o2_0118	amyloid	inhibiting	2	I31P,V40P	42	-5.4989	+0.0000	+0.0000	+0.0000
Abeta42	Abeta42_amyloid_inhibiting_o2_0104	amyloid	inhibiting	2	V18P,V36P	42	-5.4182	+0.0000	+0.0000	+0.0000
Abeta42	Abeta42_amyloid_inhibiting_o2_0103	amyloid	inhibiting	2	V18P,I31P	42	-5.3764	+0.0000	+0.0000	+0.0000
Abeta42	Abeta42_amyloid_inhibiting_o2_0116	amyloid	inhibiting	2	I31P,V36P	42	-5.3764	+0.0000	+0.0000	+0.0000
Abeta42	Abeta42_amyloid_inhibiting_o2_0100	amyloid	inhibiting	2	L17P,V40P	42	-5.1956	+0.0000	+0.0000	+0.0000
Abeta42	Abeta42_amyloid_inhibiting_o2_0115	amyloid	inhibiting	2	F20P,V40P	42	-5.1446	+0.0000	+0.0000	+0.0000
Abeta42	Abeta42_amyloid_inhibiting_o2_0111	amyloid	inhibiting	2	F19P,V40P	42	-5.1446	+0.0000	+0.0000	+0.0000
Abeta42	Abeta42_amyloid_inhibiting_o2_0094	amyloid	inhibiting	2	L17P,V18P	42	-5.0730	+0.0000	+0.0000	+0.0000
Abeta42	Abeta42_amyloid_inhibiting_o2_0098	amyloid	inhibiting	2	L17P,V36P	42	-5.0730	+0.0000	+0.0000	+0.0000
Abeta42	Abeta42_amyloid_inhibiting_o2_0097	amyloid	inhibiting	2	L17P,I31P	42	-5.0312	+0.0000	+0.0000	+0.0000
Abeta42	Abeta42_amyloid_inhibiting_o2_0101	amyloid	inhibiting	2	V18P,F19P	42	-5.0221	+0.0000	+0.0000	+0.0000
Abeta42	Abeta42_amyloid_inhibiting_o2_0102	amyloid	inhibiting	2	V18P,F20P	42	-5.0221	+0.0000	+0.0000	+0.0000
Abeta42	Abeta42_amyloid_inhibiting_o2_0109	amyloid	inhibiting	2	F19P,V36P	42	-5.0221	+0.0000	+0.0000	+0.0000
Abeta42	Abeta42_amyloid_inhibiting_o2_0113	amyloid	inhibiting	2	F20P,V36P	42	-5.0221	+0.0000	+0.0000	+0.0000
Abeta42	Abeta42_amyloid_inhibiting_o2_0108	amyloid	inhibiting	2	F19P,I31P	42	-4.9802	+0.0000	+0.0000	+0.0000
Abeta42	Abeta42_amyloid_inhibiting_o2_0112	amyloid	inhibiting	2	F20P,I31P	42	-4.9802	+0.0000	+0.0000	+0.0000
Abeta42	Abeta42_amyloid_inhibiting_o2_0095	amyloid	inhibiting	2	L17P,F19P	42	-4.6769	+0.0000	+0.0000	+0.0000
Abeta42	Abeta42_amyloid_inhibiting_o2_0096	amyloid	inhibiting	2	L17P,F20P	42	-4.6769	+0.0000	+0.0000	+0.0000
Abeta42	Abeta42_amyloid_inhibiting_o2_0107	amyloid	inhibiting	2	F19P,F20P	42	-4.6259	+0.0000	+0.0000	+0.0000
Abeta42	Abeta42_amyloid_neutral_o1_0124	amyloid	neutral	1	V36I	42	-0.0419	+0.0000	+0.0000	+0.0000
Abeta42	Abeta42_amyloid_neutral_o1_0127	amyloid	neutral	1	V18I	42	-0.0419	+0.0000	+0.0000	+0.0000
Abeta42	Abeta42_amyloid_neutral_o1_0125	amyloid	neutral	1	V40I	42	-0.0437	+0.0000	+0.0000	+0.0000
Abeta42	Abeta42_amyloid_neutral_o1_0126	amyloid	neutral	1	V39I	42	-0.0497	+0.0000	+0.0000	+0.0000
Abeta42	Abeta42_amyloid_neutral_o1_0128	amyloid	neutral	1	K16R	42	+0.0762	+0.0000	+0.0000	+0.0000
Abeta42	Abeta42_amyloid_neutral_o1_0132	amyloid	neutral	1	E22D	42	+0.1278	+0.0000	+0.0000	+0.0000
Abeta42	Abeta42_amyloid_neutral_o1_0130	amyloid	neutral	1	I31L	42	-0.3033	+0.0000	+0.0000	+0.0000
Abeta42	Abeta42_amyloid_neutral_o1_0131	amyloid	neutral	1	I32L	42	-0.3033	+0.0000	+0.0000	+0.0000
Abeta42	Abeta42_amyloid_neutral_o1_0134	amyloid	neutral	1	V36L	42	-0.3452	+0.0000	+0.0000	+0.0000
Abeta42	Abeta42_amyloid_neutral_o1_0140	amyloid	neutral	1	V18L	42	-0.3452	+0.0000	+0.0000	+0.0000
Abeta42	Abeta42_amyloid_neutral_o1_0135	amyloid	neutral	1	V40L	42	-0.3608	+0.0000	+0.0000	+0.0000
Abeta42	Abeta42_amyloid_neutral_o1_0141	amyloid	neutral	1	F20Y	42	-0.3879	+0.0000	+0.0000	+0.0000
Abeta42	Abeta42_amyloid_neutral_o1_0142	amyloid	neutral	1	F19Y	42	-0.3879	+0.0000	+0.0000	+0.0000
Abeta42	Abeta42_amyloid_neutral_o1_0136	amyloid	neutral	1	M35L	42	+0.3991	+0.0000	+0.0000	+0.0000
Abeta42	Abeta42_amyloid_neutral_o1_0137	amyloid	neutral	1	V39L	42	-0.4101	+0.0000	+0.0000	+0.0000
Abeta42	Abeta42_amyloid_neutral_o2_0151	amyloid	neutral	2	V18I,I31V	42	+0.0000	+0.0000	+0.0000	+0.0000
Abeta42	Abeta42_amyloid_neutral_o2_0152	amyloid	neutral	2	V18I,I32V	42	+0.0000	+0.0000	+0.0000	+0.0000
Abeta42	Abeta42_amyloid_neutral_o2_0159	amyloid	neutral	2	I31V,V36I	42	+0.0000	+0.0000	+0.0000	+0.0000
Abeta42	Abeta42_amyloid_neutral_o2_0163	amyloid	neutral	2	I32V,V36I	42	+0.0000	+0.0000	+0.0000	+0.0000
Abeta42	Abeta42_amyloid_neutral_o2_0161	amyloid	neutral	2	I31V,V40I	42	-0.0019	+0.0000	+0.0000	+0.0000
Abeta42	Abeta42_amyloid_neutral_o2_0165	amyloid	neutral	2	I32V,V40I	42	-0.0019	+0.0000	+0.0000	+0.0000
Abeta42	Abeta42_amyloid_neutral_o2_0160	amyloid	neutral	2	I31V,V39I	42	-0.0079	+0.0000	+0.0000	+0.0000
Abeta42	Abeta42_amyloid_neutral_o2_0164	amyloid	neutral	2	I32V,V39I	42	-0.0079	+0.0000	+0.0000	+0.0000
Abeta42	Abeta42_amyloid_neutral_o2_0149	amyloid	neutral	2	K16R,V39I	42	+0.0265	+0.0000	+0.0000	+0.0000
Abeta42	Abeta42_amyloid_neutral_o2_0150	amyloid	neutral	2	K16R,V40I	42	+0.0324	+0.0000	+0.0000	+0.0000
Abeta42	Abeta42_amyloid_neutral_o2_0144	amyloid	neutral	2	K16R,V18I	42	+0.0343	+0.0000	+0.0000	+0.0000
Abeta42	Abeta42_amyloid_neutral_o2_0148	amyloid	neutral	2	K16R,V36I	42	+0.0343	+0.0000	+0.0000	+0.0000
Abeta42	Abeta42_amyloid_neutral_o2_0154	amyloid	neutral	2	V18I,V36I	42	-0.0837	+0.0000	+0.0000	+0.0000
Abeta42	Abeta42_amyloid_neutral_o2_0157	amyloid	neutral	2	I31V,I32V	42	+0.0837	+0.0000	+0.0000	+0.0000
Abeta42	Abeta42_amyloid_neutral_o2_0156	amyloid	neutral	2	V18I,V40I	42	-0.0856	+0.0000	+0.0000	+0.0000
Abeta42	Abeta42_amyloid_neutral_o2_0170	amyloid	neutral	2	V36I,V40I	42	-0.0856	+0.0000	+0.0000	+0.0000
Abeta42	Abeta42_amyloid_neutral_o2_0155	amyloid	neutral	2	V18I,V39I	42	-0.0916	+0.0000	+0.0000	+0.0000
Abeta42	Abeta42_amyloid_neutral_o2_0169	amyloid	neutral	2	V36I,V39I	42	-0.0916	+0.0000	+0.0000	+0.0000
Abeta42	Abeta42_amyloid_neutral_o2_0171	amyloid	neutral	2	V39I,V40I	42	-0.0935	+0.0000	+0.0000	+0.0000
Abeta42	Abeta42_amyloid_neutral_o2_0145	amyloid	neutral	2	K16R,I31V	42	+0.1180	+0.0000	+0.0000	+0.0000
Abeta42	Abeta42_amyloid_neutral_o2_0146	amyloid	neutral	2	K16R,I32V	42	+0.1180	+0.0000	+0.0000	+0.0000
Abeta42	Abeta42_amyloid_neutral_o2_0167	amyloid	neutral	2	L34I,V39I	42	+0.2536	+0.0000	+0.0000	+0.0000
Abeta42	Abeta42_amyloid_neutral_o2_0168	amyloid	neutral	2	L34I,V40I	42	+0.2596	+0.0000	+0.0000	+0.0000
Abeta42	Abeta42_amyloid_neutral_o2_0153	amyloid	neutral	2	V18I,L34I	42	+0.2615	+0.0000	+0.0000	+0.0000
Abeta42	Abeta42_amyloid_neutral_o2_0166	amyloid	neutral	2	L34I,V36I	42	+0.2615	+0.0000	+0.0000	+0.0000
Abeta42	Abeta42_amyloid_neutral_o2_0158	amyloid	neutral	2	I31V,L34I	42	+0.3452	+0.0000	+0.0000	+0.0000
Abeta42	Abeta42_amyloid_neutral_o2_0162	amyloid	neutral	2	I32V,L34I	42	+0.3452	+0.0000	+0.0000	+0.0000
Abeta42	Abeta42_amyloid_neutral_o2_0147	amyloid	neutral	2	K16R,L34I	42	+0.3795	+0.0000	+0.0000	+0.0000
Abeta42	Abeta42_condensate_activating_o1_0180	condensate	activating	1	V39Y	42	+1.1881	+0.0000	+0.0000	+0.0000
Abeta42	Abeta42_condensate_activating_o1_0181	condensate	activating	1	G38Y	42	+1.0810	+0.0000	+0.0000	+0.0000
Abeta42	Abeta42_condensate_activating_o1_0182	condensate	activating	1	V39W	42	+1.0693	+0.0000	+0.0000	+0.0000
Abeta42	Abeta42_condensate_activating_o1_0184	condensate	activating	1	V40Y	42	+1.0452	+0.0000	+0.0000	+0.0000
Abeta42	Abeta42_condensate_activating_o1_0185	condensate	activating	1	G37Y	42	+1.0238	+0.0000	+0.0000	+0.0000
Abeta42	Abeta42_condensate_activating_o1_0172	condensate	activating	1	E22Y	42	+1.0000	+0.0238	-0.0238	-0.1697
Abeta42	Abeta42_condensate_activating_o1_0174	condensate	activating	1	V18Y	42	+1.0000	+0.0000	+0.0000	+0.0000
Abeta42	Abeta42_condensate_activating_o1_0175	condensate	activating	1	L17Y	42	+1.0000	+0.0000	+0.0000	+0.0000
Abeta42	Abeta42_condensate_activating_o1_0176	condensate	activating	1	A21Y	42	+1.0000	+0.0000	+0.0000	+0.0000
Abeta42	Abeta42_condensate_activating_o1_0186	condensate	activating	1	A30Y	42	+1.0000	+0.0000	+0.0000	+0.0000
Abeta42	Abeta42_condensate_activating_o1_0187	condensate	activating	1	G29Y	42	+1.0000	+0.0000	+0.0000	+0.0000
Abeta42	Abeta42_condensate_activating_o1_0188	condensate	activating	1	I31Y	42	+1.0000	+0.0000	+0.0000	+0.0000
Abeta42	Abeta42_condensate_activating_o1_0189	condensate	activating	1	I32Y	42	+1.0000	+0.0000	+0.0000	+0.0000
Abeta42	Abeta42_condensate_activating_o1_0190	condensate	activating	1	G33Y	42	+1.0000	+0.0000	+0.0000	+0.0000
Abeta42	Abeta42_condensate_activating_o1_0191	condensate	activating	1	L34Y	42	+1.0000	+0.0000	+0.0000	+0.0000
Abeta42	Abeta42_condensate_activating_o1_0192	condensate	activating	1	M35Y	42	+1.0000	+0.0000	+0.0000	+0.0000
Abeta42	Abeta42_condensate_activating_o1_0193	condensate	activating	1	V36Y	42	+1.0000	+0.0000	+0.0000	+0.0000
Abeta42	Abeta42_condensate_activating_o1_0194	condensate	activating	1	G38W	42	+0.9729	+0.0000	+0.0000	+0.0000
Abeta42	Abeta42_condensate_activating_o1_0195	condensate	activating	1	V40W	42	+0.9407	+0.0000	+0.0000	+0.0000
Abeta42	Abeta42_condensate_activating_o1_0196	condensate	activating	1	G37W	42	+0.9214	+0.0000	+0.0000	+0.0000
Abeta42	Abeta42_condensate_activating_o1_0173	condensate	activating	1	E22W	42	+0.9000	+0.0238	-0.0238	-0.1697
Abeta42	Abeta42_condensate_activating_o1_0177	condensate	activating	1	L17W	42	+0.9000	+0.0000	+0.0000	+0.0000
Abeta42	Abeta42_condensate_activating_o1_0178	condensate	activating	1	V18W	42	+0.9000	+0.0000	+0.0000	+0.0000
Abeta42	Abeta42_condensate_activating_o1_0179	condensate	activating	1	A21W	42	+0.9000	+0.0000	+0.0000	+0.0000
Abeta42	Abeta42_condensate_activating_o1_0198	condensate	activating	1	G29W	42	+0.9000	+0.0000	+0.0000	+0.0000
Abeta42	Abeta42_condensate_activating_o1_0199	condensate	activating	1	A30W	42	+0.9000	+0.0000	+0.0000	+0.0000
Abeta42	Abeta42_condensate_activating_o1_0200	condensate	activating	1	I31W	42	+0.9000	+0.0000	+0.0000	+0.0000
Abeta42	Abeta42_condensate_activating_o1_0201	condensate	activating	1	I32W	42	+0.9000	+0.0000	+0.0000	+0.0000
Abeta42	Abeta42_condensate_activating_o1_0202	condensate	activating	1	G33W	42	+0.9000	+0.0000	+0.0000	+0.0000
Abeta42	Abeta42_condensate_activating_o1_0203	condensate	activating	1	L34W	42	+0.9000	+0.0000	+0.0000	+0.0000
Abeta42	Abeta42_condensate_activating_o2_0235	condensate	activating	2	G38Y,V39Y	42	+2.2690	+0.0000	+0.0000	+0.0000
Abeta42	Abeta42_condensate_activating_o2_0237	condensate	activating	2	V39Y,V40Y	42	+2.2333	+0.0000	+0.0000	+0.0000
Abeta42	Abeta42_condensate_activating_o2_0221	condensate	activating	2	L17Y,V39Y	42	+2.1881	+0.0000	+0.0000	+0.0000
Abeta42	Abeta42_condensate_activating_o2_0226	condensate	activating	2	V18Y,V39Y	42	+2.1881	+0.0000	+0.0000	+0.0000
Abeta42	Abeta42_condensate_activating_o2_0230	condensate	activating	2	A21Y,V39Y	42	+2.1881	+0.0000	+0.0000	+0.0000
Abeta42	Abeta42_condensate_activating_o2_0233	condensate	activating	2	E22Y,V39Y	42	+2.1881	+0.0238	-0.0238	-0.1697
Abeta42	Abeta42_condensate_activating_o2_0236	condensate	activating	2	G38Y,V40Y	42	+2.1262	+0.0000	+0.0000	+0.0000
Abeta42	Abeta42_condensate_activating_o2_0220	condensate	activating	2	L17Y,G38Y	42	+2.0810	+0.0000	+0.0000	+0.0000
Abeta42	Abeta42_condensate_activating_o2_0225	condensate	activating	2	V18Y,G38Y	42	+2.0810	+0.0000	+0.0000	+0.0000
Abeta42	Abeta42_condensate_activating_o2_0229	condensate	activating	2	A21Y,G38Y	42	+2.0810	+0.0000	+0.0000	+0.0000
Abeta42	Abeta42_condensate_activating_o2_0232	condensate	activating	2	E22Y,G38Y	42	+2.0810	+0.0238	-0.0238	-0.1697
Abeta42	Abeta42_condensate_activating_o2_0222	condensate	activating	2	L17Y,V40Y	42	+2.0452	+0.0000	+0.0000	+0.0000
Abeta42	Abeta42_condensate_activating_o2_0227	condensate	activating	2	V18Y,V40Y	42	+2.0452	+0.0000	+0.0000	+0.0000
Abeta42	Abeta42_condensate_activating_o2_0231	condensate	activating	2	A21Y,V40Y	42	+2.0452	+0.0000	+0.0000	+0.0000
Abeta42	Abeta42_condensate_activating_o2_0234	condensate	activating	2	E22Y,V40Y	42	+2.0452	+0.0238	-0.0238	-0.1697
Abeta42	Abeta42_condensate_activating_o2_0217	condensate	activating	2	L17Y,V18Y	42	+2.0000	+0.0000	+0.0000	+0.0000
Abeta42	Abeta42_condensate_activating_o2_0218	condensate	activating	2	L17Y,A21Y	42	+2.0000	+0.0000	+0.0000	+0.0000
Abeta42	Abeta42_condensate_activating_o2_0219	condensate	activating	2	L17Y,E22Y	42	+2.0000	+0.0238	-0.0238	-0.1697
Abeta42	Abeta42_condensate_activating_o2_0223	condensate	activating	2	V18Y,A21Y	42	+2.0000	+0.0000	+0.0000	+0.0000
Abeta42	Abeta42_condensate_activating_o2_0224	condensate	activating	2	V18Y,E22Y	42	+2.0000	+0.0238	-0.0238	-0.1697
Abeta42	Abeta42_condensate_activating_o2_0228	condensate	activating	2	A21Y,E22Y	42	+2.0000	+0.0238	-0.0238	-0.1697
Abeta42	Abeta42_condensate_activating_o2_0215	condensate	activating	2	K16Y,V39Y	42	+1.9381	-0.0238	-0.0238	+0.2476
Abeta42	Abeta42_condensate_activating_o2_0214	condensate	activating	2	K16Y,G38Y	42	+1.8310	-0.0238	-0.0238	+0.2476
Abeta42	Abeta42_condensate_activating_o2_0216	condensate	activating	2	K16Y,V40Y	42	+1.7952	-0.0238	-0.0238	+0.2476
Abeta42	Abeta42_condensate_activating_o2_0210	condensate	activating	2	K16Y,L17Y	42	+1.7500	-0.0238	-0.0238	+0.2476
Abeta42	Abeta42_condensate_activating_o2_0211	condensate	activating	2	K16Y,V18Y	42	+1.7500	-0.0238	-0.0238	+0.2476
Abeta42	Abeta42_condensate_activating_o2_0212	condensate	activating	2	K16Y,A21Y	42	+1.7500	-0.0238	-0.0238	+0.2476
Abeta42	Abeta42_condensate_activating_o2_0213	condensate	activating	2	K16Y,E22Y	42	+1.7500	+0.0000	-0.0476	+0.0196
Abeta42	Abeta42_condensate_inhibiting_o1_0238	condensate	inhibiting	1	F19A	42	-0.8500	+0.0000	+0.0000	+0.0000
Abeta42	Abeta42_condensate_inhibiting_o1_0239	condensate	inhibiting	1	F19N	42	-0.8500	+0.0000	+0.0000	+0.0000
Abeta42	Abeta42_condensate_inhibiting_o1_0240	condensate	inhibiting	1	F20A	42	-0.8500	+0.0000	+0.0000	+0.0000
Abeta42	Abeta42_condensate_inhibiting_o1_0241	condensate	inhibiting	1	F20N	42	-0.8500	+0.0000	+0.0000	+0.0000
Abeta42	Abeta42_condensate_inhibiting_o1_0242	condensate	inhibiting	1	K16A	42	-0.2500	-0.0238	-0.0238	+0.2476
Abeta42	Abeta42_condensate_inhibiting_o1_0243	condensate	inhibiting	1	K16N	42	-0.2500	-0.0238	-0.0238	+0.2476
Abeta42	Abeta42_condensate_inhibiting_o2_0246	condensate	inhibiting	2	F19A,F20A	42	-1.7000	+0.0000	+0.0000	+0.0000
Abeta42	Abeta42_condensate_inhibiting_o2_0244	condensate	inhibiting	2	K16A,F19A	42	-1.1000	-0.0238	-0.0238	+0.2476
Abeta42	Abeta42_condensate_inhibiting_o2_0245	condensate	inhibiting	2	K16A,F20A	42	-1.1000	-0.0238	-0.0238	+0.2476
Abeta42	Abeta42_condensate_neutral_o1_0251	condensate	neutral	1	A21G	42	+0.0000	+0.0000	+0.0000	+0.0000
Abeta42	Abeta42_condensate_neutral_o1_0253	condensate	neutral	1	G29A	42	+0.0000	+0.0000	+0.0000	+0.0000
Abeta42	Abeta42_condensate_neutral_o1_0254	condensate	neutral	1	A30G	42	+0.0000	+0.0000	+0.0000	+0.0000
Abeta42	Abeta42_condensate_neutral_o1_0259	condensate	neutral	1	G33A	42	+0.0000	+0.0000	+0.0000	+0.0000
Abeta42	Abeta42_condensate_neutral_o1_0264	condensate	neutral	1	G37A	42	+0.0000	+0.0000	+0.0000	+0.0000
Abeta42	Abeta42_condensate_neutral_o1_0265	condensate	neutral	1	G38A	42	+0.0000	+0.0000	+0.0000	+0.0000
Abeta42	Abeta42_condensate_neutral_o2_0270	condensate	neutral	2	L17I,V18I	42	+0.0000	+0.0000	+0.0000	+0.0000
Abeta42	Abeta42_condensate_neutral_o2_0271	condensate	neutral	2	L17I,A21G	42	+0.0000	+0.0000	+0.0000	+0.0000
Abeta42	Abeta42_condensate_neutral_o2_0272	condensate	neutral	2	L17I,E22D	42	+0.0000	+0.0000	+0.0000	+0.0000
Abeta42	Abeta42_condensate_neutral_o2_0273	condensate	neutral	2	L17I,G29A	42	+0.0000	+0.0000	+0.0000	+0.0000
Abeta42	Abeta42_condensate_neutral_o2_0274	condensate	neutral	2	L17I,A30G	42	+0.0000	+0.0000	+0.0000	+0.0000
Abeta42	Abeta42_condensate_neutral_o2_0275	condensate	neutral	2	L17I,I31L	42	+0.0000	+0.0000	+0.0000	+0.0000
Abeta42	Abeta42_condensate_neutral_o2_0276	condensate	neutral	2	L17I,I32L	42	+0.0000	+0.0000	+0.0000	+0.0000
Abeta42	Abeta42_condensate_neutral_o2_0277	condensate	neutral	2	V18I,A21G	42	+0.0000	+0.0000	+0.0000	+0.0000
Abeta42	Abeta42_condensate_neutral_o2_0278	condensate	neutral	2	V18I,E22D	42	+0.0000	+0.0000	+0.0000	+0.0000
Abeta42	Abeta42_condensate_neutral_o2_0279	condensate	neutral	2	V18I,G29A	42	+0.0000	+0.0000	+0.0000	+0.0000
Abeta42	Abeta42_condensate_neutral_o2_0280	condensate	neutral	2	V18I,A30G	42	+0.0000	+0.0000	+0.0000	+0.0000
Abeta42	Abeta42_condensate_neutral_o2_0281	condensate	neutral	2	V18I,I31L	42	+0.0000	+0.0000	+0.0000	+0.0000
Abeta42	Abeta42_condensate_neutral_o2_0282	condensate	neutral	2	V18I,I32L	42	+0.0000	+0.0000	+0.0000	+0.0000
Abeta42	Abeta42_condensate_neutral_o2_0283	condensate	neutral	2	A21G,E22D	42	+0.0000	+0.0000	+0.0000	+0.0000
Abeta42	Abeta42_condensate_neutral_o2_0284	condensate	neutral	2	A21G,G29A	42	+0.0000	+0.0000	+0.0000	+0.0000
Abeta42	Abeta42_condensate_neutral_o2_0285	condensate	neutral	2	A21G,A30G	42	+0.0000	+0.0000	+0.0000	+0.0000
Abeta42	Abeta42_condensate_neutral_o2_0286	condensate	neutral	2	A21G,I31L	42	+0.0000	+0.0000	+0.0000	+0.0000
Abeta42	Abeta42_condensate_neutral_o2_0287	condensate	neutral	2	A21G,I32L	42	+0.0000	+0.0000	+0.0000	+0.0000
Abeta42	Abeta42_condensate_neutral_o2_0288	condensate	neutral	2	E22D,G29A	42	+0.0000	+0.0000	+0.0000	+0.0000
Abeta42	Abeta42_condensate_neutral_o2_0289	condensate	neutral	2	E22D,A30G	42	+0.0000	+0.0000	+0.0000	+0.0000
Abeta42	Abeta42_condensate_neutral_o2_0290	condensate	neutral	2	E22D,I31L	42	+0.0000	+0.0000	+0.0000	+0.0000
Abeta42	Abeta42_condensate_neutral_o2_0291	condensate	neutral	2	E22D,I32L	42	+0.0000	+0.0000	+0.0000	+0.0000
Abeta42	Abeta42_condensate_neutral_o2_0292	condensate	neutral	2	G29A,A30G	42	+0.0000	+0.0000	+0.0000	+0.0000
Abeta42	Abeta42_condensate_neutral_o2_0293	condensate	neutral	2	G29A,I31L	42	+0.0000	+0.0000	+0.0000	+0.0000
Abeta42	Abeta42_condensate_neutral_o2_0294	condensate	neutral	2	G29A,I32L	42	+0.0000	+0.0000	+0.0000	+0.0000
Abeta42	Abeta42_condensate_neutral_o2_0295	condensate	neutral	2	A30G,I31L	42	+0.0000	+0.0000	+0.0000	+0.0000
Abeta42	Abeta42_condensate_neutral_o2_0296	condensate	neutral	2	A30G,I32L	42	+0.0000	+0.0000	+0.0000	+0.0000
Abeta42	Abeta42_condensate_neutral_o2_0297	condensate	neutral	2	I31L,I32L	42	+0.0000	+0.0000	+0.0000	+0.0000
Abeta42	Abeta42_amyloid_nonsense_o1_0298	amyloid	nonsense	1	p.16*	15	-23.3001	+0.0000	+0.2476	+0.2986
Abeta42	Abeta42_amyloid_nonsense_o1_0299	amyloid	nonsense	1	p.29*	28	-14.6167	+0.0000	+0.1429	-0.0018
